--------------------------------------------------------
--  파일이 생성됨 - 토요일-12월-19-2020   
--------------------------------------------------------
DROP SEQUENCE "SEQ_BNO";
DROP SEQUENCE "SEQ_CNO";
DROP SEQUENCE "SEQ_FQNO";
DROP SEQUENCE "SEQ_NNO";
DROP SEQUENCE "SEQ_ONO";
DROP SEQUENCE "SEQ_PNO";
DROP SEQUENCE "SEQ_PQNO";
DROP SEQUENCE "SEQ_QNO";
DROP SEQUENCE "SEQ_RNO";
DROP SEQUENCE "SEQ_RPCNO";
DROP SEQUENCE "SEQ_RPNO";
DROP SEQUENCE "SEQ_UNO";
DROP TABLE "BOARD" cascade constraints;
DROP TABLE "BOARD_COMMENT" cascade constraints;
DROP TABLE "BOARD_RECOM" cascade constraints;
DROP TABLE "FAQ" cascade constraints;
DROP TABLE "IMG_URL" cascade constraints;
DROP TABLE "INQUIRY" cascade constraints;
DROP TABLE "NOTICE" cascade constraints;
DROP TABLE "ORDER" cascade constraints;
DROP TABLE "PRODUCT" cascade constraints;
DROP TABLE "P_INQUIRY" cascade constraints;
DROP TABLE "REPORT" cascade constraints;
DROP TABLE "REPORT_CLASS" cascade constraints;
DROP TABLE "REVIEW" cascade constraints;
DROP TABLE "SCRAP_BOARD" cascade constraints;
DROP TABLE "SHOPPING" cascade constraints;
DROP TABLE "USER" cascade constraints;
DROP TABLE "WISH" cascade constraints;
--------------------------------------------------------
--  DDL for Sequence SEQ_BNO
--------------------------------------------------------

   CREATE SEQUENCE  "SEQ_BNO"  MINVALUE 1 MAXVALUE 9999999999999999999999999999 INCREMENT BY 1 START WITH 25 NOCACHE  NOORDER  NOCYCLE
--------------------------------------------------------
--  DDL for Sequence SEQ_CNO
--------------------------------------------------------

   CREATE SEQUENCE  "SEQ_CNO"  MINVALUE 1 MAXVALUE 9999999999999999999999999999 INCREMENT BY 1 START WITH 10 NOCACHE  NOORDER  NOCYCLE
--------------------------------------------------------
--  DDL for Sequence SEQ_FQNO
--------------------------------------------------------

   CREATE SEQUENCE  "SEQ_FQNO"  MINVALUE 1 MAXVALUE 9999999999999999999999999999 INCREMENT BY 1 START WITH 6 NOCACHE  NOORDER  NOCYCLE
--------------------------------------------------------
--  DDL for Sequence SEQ_NNO
--------------------------------------------------------

   CREATE SEQUENCE  "SEQ_NNO"  MINVALUE 1 MAXVALUE 9999999999999999999999999999 INCREMENT BY 1 START WITH 6 NOCACHE  NOORDER  NOCYCLE
--------------------------------------------------------
--  DDL for Sequence SEQ_ONO
--------------------------------------------------------

   CREATE SEQUENCE  "SEQ_ONO"  MINVALUE 1 MAXVALUE 9999999999999999999999999999 INCREMENT BY 1 START WITH 18 NOCACHE  NOORDER  NOCYCLE
--------------------------------------------------------
--  DDL for Sequence SEQ_PNO
--------------------------------------------------------

   CREATE SEQUENCE  "SEQ_PNO"  MINVALUE 1 MAXVALUE 9999999999999999999999999999 INCREMENT BY 1 START WITH 18 NOCACHE  NOORDER  NOCYCLE
--------------------------------------------------------
--  DDL for Sequence SEQ_PQNO
--------------------------------------------------------

   CREATE SEQUENCE  "SEQ_PQNO"  MINVALUE 1 MAXVALUE 9999999999999999999999999999 INCREMENT BY 1 START WITH 3 NOCACHE  NOORDER  NOCYCLE
--------------------------------------------------------
--  DDL for Sequence SEQ_QNO
--------------------------------------------------------

   CREATE SEQUENCE  "SEQ_QNO"  MINVALUE 1 MAXVALUE 9999999999999999999999999999 INCREMENT BY 1 START WITH 6 NOCACHE  NOORDER  NOCYCLE
--------------------------------------------------------
--  DDL for Sequence SEQ_RNO
--------------------------------------------------------

   CREATE SEQUENCE  "SEQ_RNO"  MINVALUE 1 MAXVALUE 9999999999999999999999999999 INCREMENT BY 1 START WITH 5 NOCACHE  NOORDER  NOCYCLE
--------------------------------------------------------
--  DDL for Sequence SEQ_RPCNO
--------------------------------------------------------

   CREATE SEQUENCE  "SEQ_RPCNO"  MINVALUE 1 MAXVALUE 9999999999999999999999999999 INCREMENT BY 1 START WITH 5 NOCACHE  NOORDER  NOCYCLE
--------------------------------------------------------
--  DDL for Sequence SEQ_RPNO
--------------------------------------------------------

   CREATE SEQUENCE  "SEQ_RPNO"  MINVALUE 1 MAXVALUE 9999999999999999999999999999 INCREMENT BY 1 START WITH 7 NOCACHE  NOORDER  NOCYCLE
--------------------------------------------------------
--  DDL for Sequence SEQ_UNO
--------------------------------------------------------

   CREATE SEQUENCE  "SEQ_UNO"  MINVALUE 1 MAXVALUE 9999999999999999999999999999 INCREMENT BY 1 START WITH 10 NOCACHE  NOORDER  NOCYCLE
--------------------------------------------------------
--  DDL for Table BOARD
--------------------------------------------------------

  CREATE TABLE "BOARD" 
   (	"BOARD_NO" NUMBER, 
	"USER_NO" NUMBER, 
	"BOARD_TITLE" VARCHAR2(100), 
	"BOARD_CONTENT" VARCHAR2(4000), 
	"BOARD_PHOTO" VARCHAR2(4000), 
	"BOARD_DATE" DATE DEFAULT SYSDATE, 
	"BOARD_MODIFY" DATE DEFAULT SYSDATE, 
	"BOARD_COUNT" NUMBER DEFAULT 0, 
	"BOARD_RECOM" NUMBER DEFAULT 0, 
	"BOARD_CATEGORY" VARCHAR2(30)
   ) 

   COMMENT ON COLUMN "BOARD"."BOARD_NO" IS 'SEQUENCE'
   COMMENT ON COLUMN "BOARD"."USER_NO" IS 'SEQUENCE'
   COMMENT ON COLUMN "BOARD"."BOARD_TITLE" IS '제목'
   COMMENT ON COLUMN "BOARD"."BOARD_CONTENT" IS '내용'
   COMMENT ON COLUMN "BOARD"."BOARD_PHOTO" IS '첨부파일명'
   COMMENT ON COLUMN "BOARD"."BOARD_DATE" IS '작성일'
   COMMENT ON COLUMN "BOARD"."BOARD_MODIFY" IS '수정일'
   COMMENT ON COLUMN "BOARD"."BOARD_COUNT" IS '조회수'
   COMMENT ON COLUMN "BOARD"."BOARD_RECOM" IS '추천수'
   COMMENT ON COLUMN "BOARD"."BOARD_CATEGORY" IS '카테고리'
--------------------------------------------------------
--  DDL for Table BOARD_COMMENT
--------------------------------------------------------

  CREATE TABLE "BOARD_COMMENT" 
   (	"COMMENT_NO" NUMBER, 
	"BOARD_NO" NUMBER, 
	"USER_NO" NUMBER, 
	"COMMENT_CONTENT" VARCHAR2(1000), 
	"COMMENT_DATE" DATE DEFAULT SYSDATE, 
	"COMMENT_MODIFY" DATE DEFAULT SYSDATE
   ) 

   COMMENT ON COLUMN "BOARD_COMMENT"."COMMENT_NO" IS 'SEQUENCE'
   COMMENT ON COLUMN "BOARD_COMMENT"."BOARD_NO" IS 'SEQUENCE'
   COMMENT ON COLUMN "BOARD_COMMENT"."USER_NO" IS 'SEQUENCE'
   COMMENT ON COLUMN "BOARD_COMMENT"."COMMENT_CONTENT" IS '댓글내용'
   COMMENT ON COLUMN "BOARD_COMMENT"."COMMENT_DATE" IS '작성일'
   COMMENT ON COLUMN "BOARD_COMMENT"."COMMENT_MODIFY" IS '수정일'
--------------------------------------------------------
--  DDL for Table BOARD_RECOM
--------------------------------------------------------

  CREATE TABLE "BOARD_RECOM" 
   (	"BOARD_NO" NUMBER, 
	"USER_NO" NUMBER
   ) 

   COMMENT ON COLUMN "BOARD_RECOM"."BOARD_NO" IS 'SEQUENCE'
   COMMENT ON COLUMN "BOARD_RECOM"."USER_NO" IS 'SEQUENCE'
--------------------------------------------------------
--  DDL for Table FAQ
--------------------------------------------------------

  CREATE TABLE "FAQ" 
   (	"FAQ_NO" NUMBER, 
	"FAQ_CONTENT" VARCHAR2(4000), 
	"FAQ_ANSWER" VARCHAR2(4000)
   ) 

   COMMENT ON COLUMN "FAQ"."FAQ_NO" IS 'SEQUENCE'
   COMMENT ON COLUMN "FAQ"."FAQ_CONTENT" IS 'FAQ내용'
   COMMENT ON COLUMN "FAQ"."FAQ_ANSWER" IS 'FAQ답변'
--------------------------------------------------------
--  DDL for Table IMG_URL
--------------------------------------------------------

  CREATE TABLE "IMG_URL" 
   (	"P_NO" NUMBER, 
	"P_IMG_URL" VARCHAR2(1000)
   ) 

   COMMENT ON COLUMN "IMG_URL"."P_NO" IS 'SEQUENCE'
--------------------------------------------------------
--  DDL for Table INQUIRY
--------------------------------------------------------

  CREATE TABLE "INQUIRY" 
   (	"INQUIRY_NO" NUMBER, 
	"USER_NO" NUMBER, 
	"INQUIRY_TITLE" VARCHAR2(100), 
	"INQUIRY_CONTENT" VARCHAR2(4000), 
	"INQUIRY_DATE" DATE DEFAULT SYSDATE, 
	"INQUIRY_STATUS" VARCHAR2(2) DEFAULT 'N', 
	"INQUIRY_TYPE" VARCHAR2(30), 
	"RE_CONTENT" VARCHAR2(4000), 
	"RE_DATE" DATE DEFAULT SYSDATE
   ) 

   COMMENT ON COLUMN "INQUIRY"."INQUIRY_NO" IS 'SEQUENCE'
   COMMENT ON COLUMN "INQUIRY"."USER_NO" IS 'SEQUENCE'
   COMMENT ON COLUMN "INQUIRY"."INQUIRY_TITLE" IS '문의제목'
   COMMENT ON COLUMN "INQUIRY"."INQUIRY_CONTENT" IS '문의내용'
   COMMENT ON COLUMN "INQUIRY"."INQUIRY_DATE" IS '문의등록날짜'
   COMMENT ON COLUMN "INQUIRY"."INQUIRY_STATUS" IS '답변완료 시 Y, 미완료시 N'
   COMMENT ON COLUMN "INQUIRY"."INQUIRY_TYPE" IS '문의카테고리'
   COMMENT ON COLUMN "INQUIRY"."RE_CONTENT" IS '답변내용'
   COMMENT ON COLUMN "INQUIRY"."RE_DATE" IS '답변날짜'
--------------------------------------------------------
--  DDL for Table NOTICE
--------------------------------------------------------

  CREATE TABLE "NOTICE" 
   (	"NOTICE_NO" NUMBER, 
	"NOTICE_TITLE" VARCHAR2(100), 
	"NOTICE_CONTENT" VARCHAR2(4000), 
	"NOTICE_DATE" DATE DEFAULT SYSDATE, 
	"NOTICE_READ" NUMBER DEFAULT 0
   ) 

   COMMENT ON COLUMN "NOTICE"."NOTICE_NO" IS 'SEQUENCE'
   COMMENT ON COLUMN "NOTICE"."NOTICE_TITLE" IS '공지사항제목'
   COMMENT ON COLUMN "NOTICE"."NOTICE_CONTENT" IS '공지사항내용'
   COMMENT ON COLUMN "NOTICE"."NOTICE_DATE" IS '공지사항작성날짜'
   COMMENT ON COLUMN "NOTICE"."NOTICE_READ" IS '공지사항조회수'
--------------------------------------------------------
--  DDL for Table ORDER
--------------------------------------------------------

  CREATE TABLE "ORDER" 
   (	"ORDER_NO" NUMBER, 
	"USER_NO" NUMBER, 
	"RICEVER_NAME" VARCHAR2(100), 
	"RICVER_CODE" NUMBER, 
	"RICEVER_ADD" VARCHAR2(4000), 
	"RICEVER_DETAIL_ADD" VARCHAR2(4000), 
	"RICVER_PHONE" VARCHAR2(13), 
	"ORDER_DATE" DATE DEFAULT SYSDATE, 
	"ORDER_STATUS" VARCHAR2(2) DEFAULT 'N', 
	"OREDER_COST" NUMBER, 
	"D_COMPANY" VARCHAR2(200), 
	"D_NUMBER" NUMBER, 
	"D_STATUS" CHAR(2), 
	"ORDER_REQUEST" VARCHAR2(1000), 
	"PAY_COST" NUMBER, 
	"PAY_METHOD" VARCHAR2(100), 
	"PAY_DATE" DATE DEFAULT SYSDATE
   ) 

   COMMENT ON COLUMN "ORDER"."ORDER_NO" IS 'SEQUENCE'
   COMMENT ON COLUMN "ORDER"."USER_NO" IS 'SEQUENCE'
   COMMENT ON COLUMN "ORDER"."RICEVER_NAME" IS '수령자이름'
   COMMENT ON COLUMN "ORDER"."RICVER_CODE" IS '수령자우편번호'
   COMMENT ON COLUMN "ORDER"."RICEVER_ADD" IS '수령자주소'
   COMMENT ON COLUMN "ORDER"."RICEVER_DETAIL_ADD" IS '수령자상세주소'
   COMMENT ON COLUMN "ORDER"."RICVER_PHONE" IS '수령자전화번호'
   COMMENT ON COLUMN "ORDER"."ORDER_DATE" IS '주문날짜'
   COMMENT ON COLUMN "ORDER"."ORDER_STATUS" IS '주문상태(Y/N)'
   COMMENT ON COLUMN "ORDER"."OREDER_COST" IS '주문가격'
   COMMENT ON COLUMN "ORDER"."D_COMPANY" IS '택배사'
   COMMENT ON COLUMN "ORDER"."D_NUMBER" IS '운송장번호'
   COMMENT ON COLUMN "ORDER"."D_STATUS" IS '배송준비B,  배송중D,  배송완료C'
   COMMENT ON COLUMN "ORDER"."ORDER_REQUEST" IS '배송요청사항'
   COMMENT ON COLUMN "ORDER"."PAY_COST" IS '결제금액'
   COMMENT ON COLUMN "ORDER"."PAY_METHOD" IS '결제수단'
   COMMENT ON COLUMN "ORDER"."PAY_DATE" IS '결제날짜'
--------------------------------------------------------
--  DDL for Table PRODUCT
--------------------------------------------------------

  CREATE TABLE "PRODUCT" 
   (	"P_NO" NUMBER, 
	"P_NAME" VARCHAR2(50), 
	"PRICE" NUMBER, 
	"DESCRIPTION" VARCHAR2(1000), 
	"P_STOCK" NUMBER DEFAULT 0, 
	"P_CATEGORY" VARCHAR2(2), 
	"P_BRAND" VARCHAR2(100), 
	"P_MODEL" VARCHAR2(100), 
	"P_THUMB_URL" VARCHAR2(4000), 
	"P_SALES" NUMBER DEFAULT 0, 
	"P_TOTAL" NUMBER, 
	"AD_STATUS" VARCHAR2(2) DEFAULT 'N', 
	"AD_CONTENT" VARCHAR2(2000), 
	"AD_POINT" NUMBER
   ) 

   COMMENT ON COLUMN "PRODUCT"."P_NO" IS 'SEQUENCE'
   COMMENT ON COLUMN "PRODUCT"."P_NAME" IS '상품이름'
   COMMENT ON COLUMN "PRODUCT"."PRICE" IS '상품가격'
   COMMENT ON COLUMN "PRODUCT"."DESCRIPTION" IS '상품설명'
   COMMENT ON COLUMN "PRODUCT"."P_STOCK" IS '상품재고'
   COMMENT ON COLUMN "PRODUCT"."P_CATEGORY" IS '강아지D,고양이 C'
   COMMENT ON COLUMN "PRODUCT"."P_BRAND" IS '브랜드'
   COMMENT ON COLUMN "PRODUCT"."P_MODEL" IS '상품모델명'
   COMMENT ON COLUMN "PRODUCT"."P_SALES" IS '판매량'
   COMMENT ON COLUMN "PRODUCT"."P_TOTAL" IS '총량'
   COMMENT ON COLUMN "PRODUCT"."AD_STATUS" IS '관리자추천상태'
   COMMENT ON COLUMN "PRODUCT"."AD_CONTENT" IS '관리자추천내용'
   COMMENT ON COLUMN "PRODUCT"."AD_POINT" IS '추천별점'
--------------------------------------------------------
--  DDL for Table P_INQUIRY
--------------------------------------------------------

  CREATE TABLE "P_INQUIRY" 
   (	"PI_NO" NUMBER, 
	"SECRET" CHAR(3) DEFAULT 'N', 
	"PI_TITLE" VARCHAR2(30), 
	"PI_CONTENT" VARCHAR2(4000), 
	"PI_ENROLL" DATE DEFAULT SYSDATE, 
	"P_NO" NUMBER, 
	"User_No" NUMBER, 
	"COUNT" NUMBER DEFAULT 0, 
	"REPLY_STATUS" VARCHAR2(5) DEFAULT 'N', 
	"PI_REPLY" VARCHAR2(3000), 
	"STATUS" VARCHAR2(2) DEFAULT 'Y'
   ) 

   COMMENT ON COLUMN "P_INQUIRY"."PI_NO" IS 'SEQUENCE'
   COMMENT ON COLUMN "P_INQUIRY"."SECRET" IS '비밀글Y, 공개글 N'
   COMMENT ON COLUMN "P_INQUIRY"."PI_TITLE" IS '문의제목'
   COMMENT ON COLUMN "P_INQUIRY"."PI_CONTENT" IS '문의내용'
   COMMENT ON COLUMN "P_INQUIRY"."PI_ENROLL" IS '작성날짜'
   COMMENT ON COLUMN "P_INQUIRY"."P_NO" IS 'SEQUENCE'
   COMMENT ON COLUMN "P_INQUIRY"."User_No" IS 'SEQUENCE'
   COMMENT ON COLUMN "P_INQUIRY"."COUNT" IS '조회수'
   COMMENT ON COLUMN "P_INQUIRY"."REPLY_STATUS" IS '답변상태'
   COMMENT ON COLUMN "P_INQUIRY"."PI_REPLY" IS '답변'
--------------------------------------------------------
--  DDL for Table REPORT
--------------------------------------------------------

  CREATE TABLE "REPORT" 
   (	"REPORT_NO" VARCHAR2(255), 
	"USER_NO" NUMBER, 
	"REPORT_CLASS_NO" NUMBER, 
	"REPORT_CONTENT" VARCHAR2(4000), 
	"REPORT_DATE" DATE DEFAULT SYSDATE, 
	"REPORT_CATE" VARCHAR2(2), 
	"REPORT_CATE_NO" NUMBER, 
	"REPORT_STATUS" VARCHAR2(2) DEFAULT 'N'
   ) 

   COMMENT ON COLUMN "REPORT"."REPORT_NO" IS '신고번호(SEQ)'
   COMMENT ON COLUMN "REPORT"."USER_NO" IS 'SEQUENCE'
   COMMENT ON COLUMN "REPORT"."REPORT_CLASS_NO" IS 'SEQUENCE'
   COMMENT ON COLUMN "REPORT"."REPORT_CONTENT" IS '신고내용'
   COMMENT ON COLUMN "REPORT"."REPORT_DATE" IS '신고일'
   COMMENT ON COLUMN "REPORT"."REPORT_CATE" IS '댓글,리뷰,게시글'
   COMMENT ON COLUMN "REPORT"."REPORT_CATE_NO" IS '댓글번호,리뷰번호,게시글번호'
   COMMENT ON COLUMN "REPORT"."REPORT_STATUS" IS '처리상태'
--------------------------------------------------------
--  DDL for Table REPORT_CLASS
--------------------------------------------------------

  CREATE TABLE "REPORT_CLASS" 
   (	"REPORT_CLASS_NO" NUMBER, 
	"REPORT_CLASS_NAME" VARCHAR2(100)
   ) 

   COMMENT ON COLUMN "REPORT_CLASS"."REPORT_CLASS_NO" IS 'SEQUENCE'
   COMMENT ON COLUMN "REPORT_CLASS"."REPORT_CLASS_NAME" IS '분류명'
--------------------------------------------------------
--  DDL for Table REVIEW
--------------------------------------------------------

  CREATE TABLE "REVIEW" 
   (	"REVIEW_NO" NUMBER, 
	"REVIEW_TITLE" VARCHAR2(30), 
	"REVIEW_CONTENT" VARCHAR2(4000), 
	"REVIEW_DATE" DATE DEFAULT SYSDATE, 
	"STATUS" VARCHAR2(3) DEFAULT 'Y', 
	"REIVEW_RATING" NUMBER, 
	"P_NO" NUMBER, 
	"USER_NO" NUMBER
   ) 

   COMMENT ON COLUMN "REVIEW"."REVIEW_NO" IS 'SEQ'
   COMMENT ON COLUMN "REVIEW"."REVIEW_TITLE" IS '리뷰제목'
   COMMENT ON COLUMN "REVIEW"."REVIEW_CONTENT" IS '리뷰내용'
   COMMENT ON COLUMN "REVIEW"."REVIEW_DATE" IS '작성날짜'
   COMMENT ON COLUMN "REVIEW"."REIVEW_RATING" IS '평점'
   COMMENT ON COLUMN "REVIEW"."P_NO" IS 'SEQ'
   COMMENT ON COLUMN "REVIEW"."USER_NO" IS 'SEQ'
--------------------------------------------------------
--  DDL for Table SCRAP_BOARD
--------------------------------------------------------

  CREATE TABLE "SCRAP_BOARD" 
   (	"BOARD_NO" NUMBER, 
	"USER_NO" NUMBER
   ) 

   COMMENT ON COLUMN "SCRAP_BOARD"."BOARD_NO" IS 'SEQUENCE'
   COMMENT ON COLUMN "SCRAP_BOARD"."USER_NO" IS 'SEQUENCE'
--------------------------------------------------------
--  DDL for Table SHOPPING
--------------------------------------------------------

  CREATE TABLE "SHOPPING" 
   (	"P_NO" NUMBER, 
	"USER_NO" NUMBER, 
	"ORDER_NO" NUMBER, 
	"CART_AMOUNT" NUMBER DEFAULT 1, 
	"SHOPPING_STATUS" CHAR(4) DEFAULT 'B'
   ) 

   COMMENT ON COLUMN "SHOPPING"."P_NO" IS 'SEQUENCE'
   COMMENT ON COLUMN "SHOPPING"."USER_NO" IS 'SEQUENCE'
   COMMENT ON COLUMN "SHOPPING"."ORDER_NO" IS 'SEQUENCE'
   COMMENT ON COLUMN "SHOPPING"."CART_AMOUNT" IS '상품수량'
   COMMENT ON COLUMN "SHOPPING"."SHOPPING_STATUS" IS '주문전B,주문완료C,주문취소R'
--------------------------------------------------------
--  DDL for Table USER
--------------------------------------------------------

  CREATE TABLE "USER" 
   (	"USER_NO" NUMBER, 
	"USER_ID" VARCHAR2(100), 
	"USER_PWD" VARCHAR2(100), 
	"USER_NAME" VARCHAR2(100), 
	"EMAIL" VARCHAR2(100), 
	"PHONE" VARCHAR2(100), 
	"ADDRESS" VARCHAR2(1000), 
	"ADDRESS_DETAIL" VARCHAR2(300), 
	"ADDRESS_CODE" NUMBER, 
	"QUIT" VARCHAR2(1) DEFAULT 'N', 
	"MANAGER" VARCHAR2(1) DEFAULT 'N', 
	"REPORT_AMOUNT" NUMBER
   ) 

   COMMENT ON COLUMN "USER"."USER_NO" IS 'SEQUENCE'
   COMMENT ON COLUMN "USER"."USER_ID" IS '회원아이디'
   COMMENT ON COLUMN "USER"."USER_PWD" IS '회원비번'
   COMMENT ON COLUMN "USER"."USER_NAME" IS '회원이름'
   COMMENT ON COLUMN "USER"."EMAIL" IS '회원이메일'
   COMMENT ON COLUMN "USER"."PHONE" IS '회원전화번호'
   COMMENT ON COLUMN "USER"."ADDRESS" IS '회원주소'
   COMMENT ON COLUMN "USER"."ADDRESS_DETAIL" IS '회원상세주소'
   COMMENT ON COLUMN "USER"."ADDRESS_CODE" IS '우편번호'
   COMMENT ON COLUMN "USER"."QUIT" IS '탈퇴Y, 가입N'
   COMMENT ON COLUMN "USER"."MANAGER" IS '관리자Y, 사용자N'
   COMMENT ON COLUMN "USER"."REPORT_AMOUNT" IS '신고수'
--------------------------------------------------------
--  DDL for Table WISH
--------------------------------------------------------

  CREATE TABLE "WISH" 
   (	"P_NO" NUMBER, 
	"USER_NO" NUMBER
   ) 

   COMMENT ON COLUMN "WISH"."P_NO" IS 'SEQUENCE'
   COMMENT ON COLUMN "WISH"."USER_NO" IS 'SEQUENCE'
REM INSERTING into BOARD
SET DEFINE OFF;
Insert into BOARD (BOARD_NO,USER_NO,BOARD_TITLE,BOARD_CONTENT,BOARD_PHOTO,BOARD_DATE,BOARD_MODIFY,BOARD_COUNT,BOARD_RECOM,BOARD_CATEGORY) values (3,1,'test1','testtestet',null,to_date('20/11/12','RR/MM/DD'),to_date('20/11/12','RR/MM/DD'),5,0,'자유');
Insert into BOARD (BOARD_NO,USER_NO,BOARD_TITLE,BOARD_CONTENT,BOARD_PHOTO,BOARD_DATE,BOARD_MODIFY,BOARD_COUNT,BOARD_RECOM,BOARD_CATEGORY) values (4,2,'강아지입니다','강아지','/resources/thumbnail_upfiles/강아지4.jpg',to_date('20/11/12','RR/MM/DD'),to_date('20/11/12','RR/MM/DD'),5,0,'사진');
Insert into BOARD (BOARD_NO,USER_NO,BOARD_TITLE,BOARD_CONTENT,BOARD_PHOTO,BOARD_DATE,BOARD_MODIFY,BOARD_COUNT,BOARD_RECOM,BOARD_CATEGORY) values (5,2,'고양이임','거앵','/resources/thumbnail_upfiles/고양이2.jpg',to_date('20/11/12','RR/MM/DD'),to_date('20/11/12','RR/MM/DD'),5,0,'사진');
Insert into BOARD (BOARD_NO,USER_NO,BOARD_TITLE,BOARD_CONTENT,BOARD_PHOTO,BOARD_DATE,BOARD_MODIFY,BOARD_COUNT,BOARD_RECOM,BOARD_CATEGORY) values (6,2,'우리집 강아지 화남 ','화남 ','/resources/thumbnail_upfiles/강아지1.jpg',to_date('20/11/12','RR/MM/DD'),to_date('20/11/12','RR/MM/DD'),5,0,'사진');
Insert into BOARD (BOARD_NO,USER_NO,BOARD_TITLE,BOARD_CONTENT,BOARD_PHOTO,BOARD_DATE,BOARD_MODIFY,BOARD_COUNT,BOARD_RECOM,BOARD_CATEGORY) values (7,2,'귀여움','귀여뭉','/resources/thumbnail_upfiles/강아지3.jpg',to_date('20/11/12','RR/MM/DD'),to_date('20/11/12','RR/MM/DD'),5,0,'사진');
Insert into BOARD (BOARD_NO,USER_NO,BOARD_TITLE,BOARD_CONTENT,BOARD_PHOTO,BOARD_DATE,BOARD_MODIFY,BOARD_COUNT,BOARD_RECOM,BOARD_CATEGORY) values (8,2,'머리..눌림','눈릴망','/resources/thumbnail_upfiles/비숑1.jpg',to_date('20/11/12','RR/MM/DD'),to_date('20/11/12','RR/MM/DD'),5,0,'사진');
Insert into BOARD (BOARD_NO,USER_NO,BOARD_TITLE,BOARD_CONTENT,BOARD_PHOTO,BOARD_DATE,BOARD_MODIFY,BOARD_COUNT,BOARD_RECOM,BOARD_CATEGORY) values (9,2,'고양이임','고양이','/resources/thumbnail_upfiles/고양이1.jpg',to_date('20/11/12','RR/MM/DD'),to_date('20/11/12','RR/MM/DD'),5,0,'사진');
Insert into BOARD (BOARD_NO,USER_NO,BOARD_TITLE,BOARD_CONTENT,BOARD_PHOTO,BOARD_DATE,BOARD_MODIFY,BOARD_COUNT,BOARD_RECOM,BOARD_CATEGORY) values (10,2,'사진','사진입니다','/resources/thumbnail_upfiles/강아지41.jpg',to_date('20/11/12','RR/MM/DD'),to_date('20/11/12','RR/MM/DD'),5,0,'사진');
Insert into BOARD (BOARD_NO,USER_NO,BOARD_TITLE,BOARD_CONTENT,BOARD_PHOTO,BOARD_DATE,BOARD_MODIFY,BOARD_COUNT,BOARD_RECOM,BOARD_CATEGORY) values (11,2,'고양이','ㅇㄹㅇㄹ','/resources/thumbnail_upfiles/고양이3.jpg',to_date('20/11/12','RR/MM/DD'),to_date('20/11/12','RR/MM/DD'),5,0,'사진');
Insert into BOARD (BOARD_NO,USER_NO,BOARD_TITLE,BOARD_CONTENT,BOARD_PHOTO,BOARD_DATE,BOARD_MODIFY,BOARD_COUNT,BOARD_RECOM,BOARD_CATEGORY) values (12,2,'제목입니다1','ㄴㅇㄹㅇㄹㅇㄴㄹ',null,to_date('20/11/12','RR/MM/DD'),to_date('20/11/12','RR/MM/DD'),5,0,'자유');
Insert into BOARD (BOARD_NO,USER_NO,BOARD_TITLE,BOARD_CONTENT,BOARD_PHOTO,BOARD_DATE,BOARD_MODIFY,BOARD_COUNT,BOARD_RECOM,BOARD_CATEGORY) values (19,2,'제목입니다1','제목입니다1',null,to_date('20/11/12','RR/MM/DD'),to_date('20/11/12','RR/MM/DD'),7,0,'자유');
Insert into BOARD (BOARD_NO,USER_NO,BOARD_TITLE,BOARD_CONTENT,BOARD_PHOTO,BOARD_DATE,BOARD_MODIFY,BOARD_COUNT,BOARD_RECOM,BOARD_CATEGORY) values (14,2,'ㅇㄹㄴㄹㄴㅇ','ㅇㄹㄴㅇㄹ',null,to_date('20/11/12','RR/MM/DD'),to_date('20/11/12','RR/MM/DD'),6,0,'자유');
Insert into BOARD (BOARD_NO,USER_NO,BOARD_TITLE,BOARD_CONTENT,BOARD_PHOTO,BOARD_DATE,BOARD_MODIFY,BOARD_COUNT,BOARD_RECOM,BOARD_CATEGORY) values (24,4,'dfsdf','sdfsdfsd','/resources/thumbnail_upfiles/강아지31.jpg',to_date('20/11/13','RR/MM/DD'),to_date('20/11/13','RR/MM/DD'),0,0,'사진');
Insert into BOARD (BOARD_NO,USER_NO,BOARD_TITLE,BOARD_CONTENT,BOARD_PHOTO,BOARD_DATE,BOARD_MODIFY,BOARD_COUNT,BOARD_RECOM,BOARD_CATEGORY) values (16,2,'제목입니다1','ㄴㅇㄹㄴㅇㄹ',null,to_date('20/11/12','RR/MM/DD'),to_date('20/11/12','RR/MM/DD'),5,0,'자유');
Insert into BOARD (BOARD_NO,USER_NO,BOARD_TITLE,BOARD_CONTENT,BOARD_PHOTO,BOARD_DATE,BOARD_MODIFY,BOARD_COUNT,BOARD_RECOM,BOARD_CATEGORY) values (17,2,'ㅇㄹㄴㅇㄹ','ㄴㅇㄹㄴㅇㄹㄴㅇ',null,to_date('20/11/12','RR/MM/DD'),to_date('20/11/12','RR/MM/DD'),5,0,'자유');
Insert into BOARD (BOARD_NO,USER_NO,BOARD_TITLE,BOARD_CONTENT,BOARD_PHOTO,BOARD_DATE,BOARD_MODIFY,BOARD_COUNT,BOARD_RECOM,BOARD_CATEGORY) values (18,2,'제목입니다1','제목입니다1',null,to_date('20/11/12','RR/MM/DD'),to_date('20/11/12','RR/MM/DD'),5,0,'자유');
Insert into BOARD (BOARD_NO,USER_NO,BOARD_TITLE,BOARD_CONTENT,BOARD_PHOTO,BOARD_DATE,BOARD_MODIFY,BOARD_COUNT,BOARD_RECOM,BOARD_CATEGORY) values (20,2,'제목입니다1','제목입니다1',null,to_date('20/11/12','RR/MM/DD'),to_date('20/11/12','RR/MM/DD'),7,0,'자유');
Insert into BOARD (BOARD_NO,USER_NO,BOARD_TITLE,BOARD_CONTENT,BOARD_PHOTO,BOARD_DATE,BOARD_MODIFY,BOARD_COUNT,BOARD_RECOM,BOARD_CATEGORY) values (21,2,'제목입니다1','sfsadfsadf',null,to_date('20/11/12','RR/MM/DD'),to_date('20/11/12','RR/MM/DD'),8,0,'자유');
Insert into BOARD (BOARD_NO,USER_NO,BOARD_TITLE,BOARD_CONTENT,BOARD_PHOTO,BOARD_DATE,BOARD_MODIFY,BOARD_COUNT,BOARD_RECOM,BOARD_CATEGORY) values (22,2,'제목입니다1','제목입니다1',null,to_date('20/11/12','RR/MM/DD'),to_date('20/11/12','RR/MM/DD'),9,0,'자유');
Insert into BOARD (BOARD_NO,USER_NO,BOARD_TITLE,BOARD_CONTENT,BOARD_PHOTO,BOARD_DATE,BOARD_MODIFY,BOARD_COUNT,BOARD_RECOM,BOARD_CATEGORY) values (23,2,'test1','test',null,to_date('20/11/13','RR/MM/DD'),to_date('20/11/13','RR/MM/DD'),0,0,'자유');
REM INSERTING into BOARD_COMMENT
SET DEFINE OFF;
Insert into BOARD_COMMENT (COMMENT_NO,BOARD_NO,USER_NO,COMMENT_CONTENT,COMMENT_DATE,COMMENT_MODIFY) values (8,21,2,'dfdfd',to_date('20/11/13','RR/MM/DD'),to_date('20/11/13','RR/MM/DD'));
REM INSERTING into BOARD_RECOM
SET DEFINE OFF;
REM INSERTING into FAQ
SET DEFINE OFF;
Insert into FAQ (FAQ_NO,FAQ_CONTENT,FAQ_ANSWER) values (1,'환불은 어떻게 하나요?','1:1 상담 교환/환불 카테고리를 이용해 주시면 됩니다.');
Insert into FAQ (FAQ_NO,FAQ_CONTENT,FAQ_ANSWER) values (2,'카드 결제가 안됩니다.','카드번호를 확인해 주시고 특정 은행은 결제가 진행되기 어려울 수 있으니 약관을 확인해주시기 바랍니다.');
Insert into FAQ (FAQ_NO,FAQ_CONTENT,FAQ_ANSWER) values (3,'품절 상품은 언제 입고되나요?','저희 펫 커뮤니티는 매주 월요일, 매월 3일 납품을 받고있습니다.');
Insert into FAQ (FAQ_NO,FAQ_CONTENT,FAQ_ANSWER) values (5,'작성할거에요','답변이에요');
REM INSERTING into IMG_URL
SET DEFINE OFF;
Insert into IMG_URL (P_NO,P_IMG_URL) values (13,'resources/productImage/202011122040287183.jpg');
Insert into IMG_URL (P_NO,P_IMG_URL) values (14,'resources/productImage/202011122041121803.jpg');
Insert into IMG_URL (P_NO,P_IMG_URL) values (14,'resources/productImage/202011122041123140.jfif');
Insert into IMG_URL (P_NO,P_IMG_URL) values (15,'resources/productImage/202011122042111960.jpeg');
Insert into IMG_URL (P_NO,P_IMG_URL) values (15,'resources/productImage/202011122042119551.jfif');
Insert into IMG_URL (P_NO,P_IMG_URL) values (15,'resources/productImage/202011122042118736.jpg');
REM INSERTING into INQUIRY
SET DEFINE OFF;
Insert into INQUIRY (INQUIRY_NO,USER_NO,INQUIRY_TITLE,INQUIRY_CONTENT,INQUIRY_DATE,INQUIRY_STATUS,INQUIRY_TYPE,RE_CONTENT,RE_DATE) values (1,2,'커뮤니티에 있는 상품 입고해주세요','게시글 인기도 많은데 입고부탁드립니다,',to_date('20/11/12','RR/MM/DD'),'Y','상품문의','조속히 입고해드리겠습니다.',to_date('20/11/12','RR/MM/DD'));
Insert into INQUIRY (INQUIRY_NO,USER_NO,INQUIRY_TITLE,INQUIRY_CONTENT,INQUIRY_DATE,INQUIRY_STATUS,INQUIRY_TYPE,RE_CONTENT,RE_DATE) values (2,2,'동결건조간식 환불해주세요','11월 7일날 산 동결건조간식 환불해주세요',to_date('20/11/12','RR/MM/DD'),'Y','교환/환불','환불처리되었습니다. 확인해주세요',to_date('20/11/12','RR/MM/DD'));
Insert into INQUIRY (INQUIRY_NO,USER_NO,INQUIRY_TITLE,INQUIRY_CONTENT,INQUIRY_DATE,INQUIRY_STATUS,INQUIRY_TYPE,RE_CONTENT,RE_DATE) values (4,4,'배송이 너무늦습니다.','배송좀 빨리해주세요',to_date('20/11/12','RR/MM/DD'),'N','배송문의',null,null);
Insert into INQUIRY (INQUIRY_NO,USER_NO,INQUIRY_TITLE,INQUIRY_CONTENT,INQUIRY_DATE,INQUIRY_STATUS,INQUIRY_TYPE,RE_CONTENT,RE_DATE) values (5,3,'제목ㅁㄴㅇㄴ','ㅁㄴㅇㄴㄴ내용',to_date('20/11/13','RR/MM/DD'),'N','교환/환불',null,null);
REM INSERTING into NOTICE
SET DEFINE OFF;
Insert into NOTICE (NOTICE_NO,NOTICE_TITLE,NOTICE_CONTENT,NOTICE_DATE,NOTICE_READ) values (2,'휴가안내입니다.','금일로 부터 3일간 고객센터 업무가 마감됩니다. 불편을 드려 죄송합니다. 좋은 하루 되세요',to_date('20/11/12','RR/MM/DD'),0);
Insert into NOTICE (NOTICE_NO,NOTICE_TITLE,NOTICE_CONTENT,NOTICE_DATE,NOTICE_READ) values (3,'상품 입고 안내입니다.','저희 펫 커뮤니티는 매월 3일, 매주 월요일 마다 납품을 받고 있습니다. 품절제품 기다리시는 분들 유의하세요!',to_date('20/11/12','RR/MM/DD'),0);
Insert into NOTICE (NOTICE_NO,NOTICE_TITLE,NOTICE_CONTENT,NOTICE_DATE,NOTICE_READ) values (4,'게시판 신고관련입니다.','많은 분들이 신고에 대한 우려를 표하고 계십니다. 개선방안을 찾고 있으니 조금만 기다려주시기 바랍니다.',to_date('20/11/12','RR/MM/DD'),2);
Insert into NOTICE (NOTICE_NO,NOTICE_TITLE,NOTICE_CONTENT,NOTICE_DATE,NOTICE_READ) values (5,'작성','작성ㅁㅁ',to_date('20/11/13','RR/MM/DD'),0);
REM INSERTING into "ORDER"
SET DEFINE OFF;
Insert into "ORDER" (ORDER_NO,USER_NO,RICEVER_NAME,RICVER_CODE,RICEVER_ADD,RICEVER_DETAIL_ADD,RICVER_PHONE,ORDER_DATE,ORDER_STATUS,OREDER_COST,D_COMPANY,D_NUMBER,D_STATUS,ORDER_REQUEST,PAY_COST,PAY_METHOD,PAY_DATE) values (4,2,'1',1,'1','1','1',to_date('20/11/12','RR/MM/DD'),'N',1,'1',1,'1 ','1',1,'1',to_date('20/11/12','RR/MM/DD'));
Insert into "ORDER" (ORDER_NO,USER_NO,RICEVER_NAME,RICVER_CODE,RICEVER_ADD,RICEVER_DETAIL_ADD,RICVER_PHONE,ORDER_DATE,ORDER_STATUS,OREDER_COST,D_COMPANY,D_NUMBER,D_STATUS,ORDER_REQUEST,PAY_COST,PAY_METHOD,PAY_DATE) values (2,2,'1',1,'1','1','1',to_date('20/11/12','RR/MM/DD'),'N',1,'1',1,'1 ','1',1,'1',to_date('20/11/12','RR/MM/DD'));
Insert into "ORDER" (ORDER_NO,USER_NO,RICEVER_NAME,RICVER_CODE,RICEVER_ADD,RICEVER_DETAIL_ADD,RICVER_PHONE,ORDER_DATE,ORDER_STATUS,OREDER_COST,D_COMPANY,D_NUMBER,D_STATUS,ORDER_REQUEST,PAY_COST,PAY_METHOD,PAY_DATE) values (3,2,'1',1,'1','1','1',to_date('20/11/12','RR/MM/DD'),'N',1,'1',1,'1 ','1',1,'1',to_date('20/11/12','RR/MM/DD'));
Insert into "ORDER" (ORDER_NO,USER_NO,RICEVER_NAME,RICVER_CODE,RICEVER_ADD,RICEVER_DETAIL_ADD,RICVER_PHONE,ORDER_DATE,ORDER_STATUS,OREDER_COST,D_COMPANY,D_NUMBER,D_STATUS,ORDER_REQUEST,PAY_COST,PAY_METHOD,PAY_DATE) values (5,2,'1',1,'1','1','1',to_date('20/11/12','RR/MM/DD'),'N',1,'1',1,'1 ','1',1,'1',to_date('20/11/12','RR/MM/DD'));
Insert into "ORDER" (ORDER_NO,USER_NO,RICEVER_NAME,RICVER_CODE,RICEVER_ADD,RICEVER_DETAIL_ADD,RICVER_PHONE,ORDER_DATE,ORDER_STATUS,OREDER_COST,D_COMPANY,D_NUMBER,D_STATUS,ORDER_REQUEST,PAY_COST,PAY_METHOD,PAY_DATE) values (6,2,'1',1,'1','1','1',to_date('20/11/12','RR/MM/DD'),'N',1,'1',1,'1 ','1',1,'1',to_date('20/11/12','RR/MM/DD'));
Insert into "ORDER" (ORDER_NO,USER_NO,RICEVER_NAME,RICVER_CODE,RICEVER_ADD,RICEVER_DETAIL_ADD,RICVER_PHONE,ORDER_DATE,ORDER_STATUS,OREDER_COST,D_COMPANY,D_NUMBER,D_STATUS,ORDER_REQUEST,PAY_COST,PAY_METHOD,PAY_DATE) values (7,2,'또치',0,'성남시 분당구 분당판교로','로크미디어','010-9999-9999',to_date('20/11/12','RR/MM/DD'),'Y',9999,'롯데택배',12345678,'D ',null,9999,null,to_date('20/11/12','RR/MM/DD'));
Insert into "ORDER" (ORDER_NO,USER_NO,RICEVER_NAME,RICVER_CODE,RICEVER_ADD,RICEVER_DETAIL_ADD,RICVER_PHONE,ORDER_DATE,ORDER_STATUS,OREDER_COST,D_COMPANY,D_NUMBER,D_STATUS,ORDER_REQUEST,PAY_COST,PAY_METHOD,PAY_DATE) values (8,2,'또치',0,'성남시 분당구 분당판교로','엔씨소프트','010-9999-9999',to_date('20/11/12','RR/MM/DD'),'Y',9999,'대한통운',12343211,'B ',null,9999,null,to_date('20/11/12','RR/MM/DD'));
Insert into "ORDER" (ORDER_NO,USER_NO,RICEVER_NAME,RICVER_CODE,RICEVER_ADD,RICEVER_DETAIL_ADD,RICVER_PHONE,ORDER_DATE,ORDER_STATUS,OREDER_COST,D_COMPANY,D_NUMBER,D_STATUS,ORDER_REQUEST,PAY_COST,PAY_METHOD,PAY_DATE) values (9,2,'또치',0,'성남시 분당구 분당판교로','당근마켓','010-9999-9999',to_date('20/11/12','RR/MM/DD'),'Y',9999,'한진택배',12343211,'C ',null,9999,null,to_date('20/11/12','RR/MM/DD'));
Insert into "ORDER" (ORDER_NO,USER_NO,RICEVER_NAME,RICVER_CODE,RICEVER_ADD,RICEVER_DETAIL_ADD,RICVER_PHONE,ORDER_DATE,ORDER_STATUS,OREDER_COST,D_COMPANY,D_NUMBER,D_STATUS,ORDER_REQUEST,PAY_COST,PAY_METHOD,PAY_DATE) values (10,2,'또치',0,'성남시 분당구 분당판교로','당근마켓','010-9999-9999',to_date('20/11/12','RR/MM/DD'),'Y',9999,'한진택배',12343211,'C ',null,9999,null,to_date('20/11/12','RR/MM/DD'));
Insert into "ORDER" (ORDER_NO,USER_NO,RICEVER_NAME,RICVER_CODE,RICEVER_ADD,RICEVER_DETAIL_ADD,RICVER_PHONE,ORDER_DATE,ORDER_STATUS,OREDER_COST,D_COMPANY,D_NUMBER,D_STATUS,ORDER_REQUEST,PAY_COST,PAY_METHOD,PAY_DATE) values (11,2,'또치',0,'성남시 분당구 분당판교로','엔씨소프트','010-9999-9999',to_date('20/11/12','RR/MM/DD'),'Y',9999,'대한통운',12343211,'B ',null,9999,null,to_date('20/11/12','RR/MM/DD'));
Insert into "ORDER" (ORDER_NO,USER_NO,RICEVER_NAME,RICVER_CODE,RICEVER_ADD,RICEVER_DETAIL_ADD,RICVER_PHONE,ORDER_DATE,ORDER_STATUS,OREDER_COST,D_COMPANY,D_NUMBER,D_STATUS,ORDER_REQUEST,PAY_COST,PAY_METHOD,PAY_DATE) values (12,2,'또치',0,'성남시 분당구 분당판교로','로크미디어','010-9999-9999',to_date('20/11/12','RR/MM/DD'),'Y',9999,'롯데택배',12345678,'D ',null,9999,null,to_date('20/11/12','RR/MM/DD'));
Insert into "ORDER" (ORDER_NO,USER_NO,RICEVER_NAME,RICVER_CODE,RICEVER_ADD,RICEVER_DETAIL_ADD,RICVER_PHONE,ORDER_DATE,ORDER_STATUS,OREDER_COST,D_COMPANY,D_NUMBER,D_STATUS,ORDER_REQUEST,PAY_COST,PAY_METHOD,PAY_DATE) values (13,2,'또치',0,'성남시 분당구 분당판교로','로크미디어','010-9999-9999',to_date('20/10/31','RR/MM/DD'),'Y',9999,'롯데택배',12345678,'D ',null,9999,null,to_date('20/11/12','RR/MM/DD'));
Insert into "ORDER" (ORDER_NO,USER_NO,RICEVER_NAME,RICVER_CODE,RICEVER_ADD,RICEVER_DETAIL_ADD,RICVER_PHONE,ORDER_DATE,ORDER_STATUS,OREDER_COST,D_COMPANY,D_NUMBER,D_STATUS,ORDER_REQUEST,PAY_COST,PAY_METHOD,PAY_DATE) values (14,2,'또치',0,'성남시 분당구 분당판교로','로크미디어','010-9999-9999',to_date('20/10/31','RR/MM/DD'),'Y',9999,'롯데택배',12345678,'D ',null,9999,null,to_date('20/11/12','RR/MM/DD'));
Insert into "ORDER" (ORDER_NO,USER_NO,RICEVER_NAME,RICVER_CODE,RICEVER_ADD,RICEVER_DETAIL_ADD,RICVER_PHONE,ORDER_DATE,ORDER_STATUS,OREDER_COST,D_COMPANY,D_NUMBER,D_STATUS,ORDER_REQUEST,PAY_COST,PAY_METHOD,PAY_DATE) values (15,2,'또치',0,'성남시 분당구 분당판교로','로크미디어','010-9999-9999',to_date('20/10/31','RR/MM/DD'),'Y',9999,'롯데택배',12345678,'D ',null,9999,null,to_date('20/11/12','RR/MM/DD'));
Insert into "ORDER" (ORDER_NO,USER_NO,RICEVER_NAME,RICVER_CODE,RICEVER_ADD,RICEVER_DETAIL_ADD,RICVER_PHONE,ORDER_DATE,ORDER_STATUS,OREDER_COST,D_COMPANY,D_NUMBER,D_STATUS,ORDER_REQUEST,PAY_COST,PAY_METHOD,PAY_DATE) values (16,2,'또치',0,'성남시 분당구 분당판교로','엔씨소프트','010-9999-9999',to_date('20/11/12','RR/MM/DD'),'Y',9999,'대한통운',12343211,'B ',null,9999,null,to_date('20/11/12','RR/MM/DD'));
Insert into "ORDER" (ORDER_NO,USER_NO,RICEVER_NAME,RICVER_CODE,RICEVER_ADD,RICEVER_DETAIL_ADD,RICVER_PHONE,ORDER_DATE,ORDER_STATUS,OREDER_COST,D_COMPANY,D_NUMBER,D_STATUS,ORDER_REQUEST,PAY_COST,PAY_METHOD,PAY_DATE) values (17,2,'1',1,'1','1','1',to_date('20/11/12','RR/MM/DD'),'N',1,'1',1,'1 ','1',1,'1',to_date('20/11/12','RR/MM/DD'));
REM INSERTING into PRODUCT
SET DEFINE OFF;
Insert into PRODUCT (P_NO,P_NAME,PRICE,DESCRIPTION,P_STOCK,P_CATEGORY,P_BRAND,P_MODEL,P_THUMB_URL,P_SALES,P_TOTAL,AD_STATUS,AD_CONTENT,AD_POINT) values (1,'강아지옷',20000,'강아지 옷입니다.',99,'D','한명없조','한명','resources/productImage/202011122032266420.jfif',1,100,'N',null,null);
Insert into PRODUCT (P_NO,P_NAME,PRICE,DESCRIPTION,P_STOCK,P_CATEGORY,P_BRAND,P_MODEL,P_THUMB_URL,P_SALES,P_TOTAL,AD_STATUS,AD_CONTENT,AD_POINT) values (2,'강아지옷2',20000,'강아지옷입니다.',100,'D','한명없조','한명','resources/productImage/202011122033175549.jpg',0,100,'N',null,null);
Insert into PRODUCT (P_NO,P_NAME,PRICE,DESCRIPTION,P_STOCK,P_CATEGORY,P_BRAND,P_MODEL,P_THUMB_URL,P_SALES,P_TOTAL,AD_STATUS,AD_CONTENT,AD_POINT) values (3,'밥그릇',20000,'밥그릇',98,'D','한명없조','한명','resources/productImage/202011122033486303.jfif',2,100,'N',null,null);
Insert into PRODUCT (P_NO,P_NAME,PRICE,DESCRIPTION,P_STOCK,P_CATEGORY,P_BRAND,P_MODEL,P_THUMB_URL,P_SALES,P_TOTAL,AD_STATUS,AD_CONTENT,AD_POINT) values (4,'강아지옷3',20000,'한명',97,'D','한명없조','한명','resources/productImage/202011122034116467.jpg',3,100,'N',null,null);
Insert into PRODUCT (P_NO,P_NAME,PRICE,DESCRIPTION,P_STOCK,P_CATEGORY,P_BRAND,P_MODEL,P_THUMB_URL,P_SALES,P_TOTAL,AD_STATUS,AD_CONTENT,AD_POINT) values (5,'밥그릇2',3000,'밥그릇입니다.',98,'D','한명없조','한명','resources/productImage/202011122036283836.jpg',2,100,'N',null,null);
Insert into PRODUCT (P_NO,P_NAME,PRICE,DESCRIPTION,P_STOCK,P_CATEGORY,P_BRAND,P_MODEL,P_THUMB_URL,P_SALES,P_TOTAL,AD_STATUS,AD_CONTENT,AD_POINT) values (6,'물통',300,'물통입니다.',100,'D','한명없조','한명','resources/productImage/202011122037038842.jpeg',0,100,'N',null,null);
Insert into PRODUCT (P_NO,P_NAME,PRICE,DESCRIPTION,P_STOCK,P_CATEGORY,P_BRAND,P_MODEL,P_THUMB_URL,P_SALES,P_TOTAL,AD_STATUS,AD_CONTENT,AD_POINT) values (7,'장난감',2000,'장난감 입니다.',200,'D','한명없조','한명','resources/productImage/202011122037343792.jpg',0,200,'N',null,null);
Insert into PRODUCT (P_NO,P_NAME,PRICE,DESCRIPTION,P_STOCK,P_CATEGORY,P_BRAND,P_MODEL,P_THUMB_URL,P_SALES,P_TOTAL,AD_STATUS,AD_CONTENT,AD_POINT) values (8,'패드',4000,'패드입니다.',300,'D','한명없조','한명','resources/productImage/202011122037594897.jpg',0,300,'N',null,null);
Insert into PRODUCT (P_NO,P_NAME,PRICE,DESCRIPTION,P_STOCK,P_CATEGORY,P_BRAND,P_MODEL,P_THUMB_URL,P_SALES,P_TOTAL,AD_STATUS,AD_CONTENT,AD_POINT) values (9,'패드2',5040,'패드입니다.',200,'D','한명없조','한명','resources/productImage/202011122038222215.jpeg',0,200,'N',null,null);
Insert into PRODUCT (P_NO,P_NAME,PRICE,DESCRIPTION,P_STOCK,P_CATEGORY,P_BRAND,P_MODEL,P_THUMB_URL,P_SALES,P_TOTAL,AD_STATUS,AD_CONTENT,AD_POINT) values (10,'텐트',30000,'텐트입니다.',100,'D','한명없조','한명','resources/productImage/202011122038474662.jpg',0,100,'N',null,null);
Insert into PRODUCT (P_NO,P_NAME,PRICE,DESCRIPTION,P_STOCK,P_CATEGORY,P_BRAND,P_MODEL,P_THUMB_URL,P_SALES,P_TOTAL,AD_STATUS,AD_CONTENT,AD_POINT) values (11,'유모차',2000000,'유모차입니다.',500,'D','한명없조','한명','resources/productImage/202011122039145181.jpeg',0,500,'N',null,null);
Insert into PRODUCT (P_NO,P_NAME,PRICE,DESCRIPTION,P_STOCK,P_CATEGORY,P_BRAND,P_MODEL,P_THUMB_URL,P_SALES,P_TOTAL,AD_STATUS,AD_CONTENT,AD_POINT) values (12,'텐트2',302000,'텐트입니다.',2000,'D','한명없조','한명','resources/productImage/202011122039433062.jpg',0,2000,'N',null,null);
Insert into PRODUCT (P_NO,P_NAME,PRICE,DESCRIPTION,P_STOCK,P_CATEGORY,P_BRAND,P_MODEL,P_THUMB_URL,P_SALES,P_TOTAL,AD_STATUS,AD_CONTENT,AD_POINT) values (13,'강아지옷4',5000,'강아지옷입니다.',600,'D','한명없조','한명','resources/productImage/202011122040282355.jpg',0,600,'N',null,null);
Insert into PRODUCT (P_NO,P_NAME,PRICE,DESCRIPTION,P_STOCK,P_CATEGORY,P_BRAND,P_MODEL,P_THUMB_URL,P_SALES,P_TOTAL,AD_STATUS,AD_CONTENT,AD_POINT) values (14,'강아지옷5',3000,'강아지옷 여러벌입니다.',196,'D','한명없조','한명','resources/productImage/202011122041122552.jpg',4,200,'N',null,null);
Insert into PRODUCT (P_NO,P_NAME,PRICE,DESCRIPTION,P_STOCK,P_CATEGORY,P_BRAND,P_MODEL,P_THUMB_URL,P_SALES,P_TOTAL,AD_STATUS,AD_CONTENT,AD_POINT) values (15,'종합선물세트2',200,'종합선물세트입니다.',100,'C','한명없조','한명','resources/productImage/202011122042119420.jpg',0,200,'N',null,null);
Insert into PRODUCT (P_NO,P_NAME,PRICE,DESCRIPTION,P_STOCK,P_CATEGORY,P_BRAND,P_MODEL,P_THUMB_URL,P_SALES,P_TOTAL,AD_STATUS,AD_CONTENT,AD_POINT) values (16,'장난감(고양이)',2000,'고양이 장난감입니다.',100,'C','한명없조','한명','resources/productImage/202011122043182277.jpg',0,100,'N',null,null);
Insert into PRODUCT (P_NO,P_NAME,PRICE,DESCRIPTION,P_STOCK,P_CATEGORY,P_BRAND,P_MODEL,P_THUMB_URL,P_SALES,P_TOTAL,AD_STATUS,AD_CONTENT,AD_POINT) values (17,'먹이(고양이)',300,'고양이 먹이입니다.',200,'C','한명없조','한명','resources/productImage/202011122044079074.jpeg',0,200,'N',null,null);
REM INSERTING into P_INQUIRY
SET DEFINE OFF;
Insert into P_INQUIRY (PI_NO,SECRET,PI_TITLE,PI_CONTENT,PI_ENROLL,P_NO,"User_No",COUNT,REPLY_STATUS,PI_REPLY,STATUS) values (1,'Y  ','test','EEEEEEEEEEEEEEEEEEEE',to_date('20/11/12','RR/MM/DD'),15,2,2,'N',null,'Y');
Insert into P_INQUIRY (PI_NO,SECRET,PI_TITLE,PI_CONTENT,PI_ENROLL,P_NO,"User_No",COUNT,REPLY_STATUS,PI_REPLY,STATUS) values (2,'Y  ','test','test',to_date('20/11/13','RR/MM/DD'),15,2,2,'N',null,'Y');
REM INSERTING into REPORT
SET DEFINE OFF;
Insert into REPORT (REPORT_NO,USER_NO,REPORT_CLASS_NO,REPORT_CONTENT,REPORT_DATE,REPORT_CATE,REPORT_CATE_NO,REPORT_STATUS) values ('2',1,4,'비추여서',to_date('20/11/12','RR/MM/DD'),'V',2,'Y');
Insert into REPORT (REPORT_NO,USER_NO,REPORT_CLASS_NO,REPORT_CONTENT,REPORT_DATE,REPORT_CATE,REPORT_CATE_NO,REPORT_STATUS) values ('3',1,2,'기능 확인용',to_date('20/11/13','RR/MM/DD'),'V',1,'N');
Insert into REPORT (REPORT_NO,USER_NO,REPORT_CLASS_NO,REPORT_CONTENT,REPORT_DATE,REPORT_CATE,REPORT_CATE_NO,REPORT_STATUS) values ('4',2,3,'testing용',to_date('20/11/13','RR/MM/DD'),'V',4,'Y');
Insert into REPORT (REPORT_NO,USER_NO,REPORT_CLASS_NO,REPORT_CONTENT,REPORT_DATE,REPORT_CATE,REPORT_CATE_NO,REPORT_STATUS) values ('5',2,1,'test',to_date('20/11/13','RR/MM/DD'),'V',4,'Y');
Insert into REPORT (REPORT_NO,USER_NO,REPORT_CLASS_NO,REPORT_CONTENT,REPORT_DATE,REPORT_CATE,REPORT_CATE_NO,REPORT_STATUS) values ('6',2,4,'test',to_date('20/11/13','RR/MM/DD'),'V',4,'Y');
REM INSERTING into REPORT_CLASS
SET DEFINE OFF;
Insert into REPORT_CLASS (REPORT_CLASS_NO,REPORT_CLASS_NAME) values (1,'욕설');
Insert into REPORT_CLASS (REPORT_CLASS_NO,REPORT_CLASS_NAME) values (2,'중복');
Insert into REPORT_CLASS (REPORT_CLASS_NO,REPORT_CLASS_NAME) values (3,'광고');
Insert into REPORT_CLASS (REPORT_CLASS_NO,REPORT_CLASS_NAME) values (4,'기타');
REM INSERTING into REVIEW
SET DEFINE OFF;
Insert into REVIEW (REVIEW_NO,REVIEW_TITLE,REVIEW_CONTENT,REVIEW_DATE,STATUS,REIVEW_RATING,P_NO,USER_NO) values (1,'5점만점에 10점','추천합니다.',to_date('20/11/12','RR/MM/DD'),'Y',5,3,1);
Insert into REVIEW (REVIEW_NO,REVIEW_TITLE,REVIEW_CONTENT,REVIEW_DATE,STATUS,REIVEW_RATING,P_NO,USER_NO) values (2,'비추','암튼 비추입니다.',to_date('20/11/12','RR/MM/DD'),'N',1,3,1);
Insert into REVIEW (REVIEW_NO,REVIEW_TITLE,REVIEW_CONTENT,REVIEW_DATE,STATUS,REIVEW_RATING,P_NO,USER_NO) values (3,'test1','DDDDDDDDDDDDDDDDDDDDDDDDD',to_date('20/11/12','RR/MM/DD'),'Y',3,15,2);
Insert into REVIEW (REVIEW_NO,REVIEW_TITLE,REVIEW_CONTENT,REVIEW_DATE,STATUS,REIVEW_RATING,P_NO,USER_NO) values (4,'test','test',to_date('20/11/13','RR/MM/DD'),'N',3,15,2);
REM INSERTING into SCRAP_BOARD
SET DEFINE OFF;
REM INSERTING into SHOPPING
SET DEFINE OFF;
Insert into SHOPPING (P_NO,USER_NO,ORDER_NO,CART_AMOUNT,SHOPPING_STATUS) values (15,2,2,1,'B   ');
Insert into SHOPPING (P_NO,USER_NO,ORDER_NO,CART_AMOUNT,SHOPPING_STATUS) values (1,2,4,1,'C   ');
Insert into SHOPPING (P_NO,USER_NO,ORDER_NO,CART_AMOUNT,SHOPPING_STATUS) values (1,2,3,1,'C   ');
Insert into SHOPPING (P_NO,USER_NO,ORDER_NO,CART_AMOUNT,SHOPPING_STATUS) values (1,2,7,1,'C   ');
Insert into SHOPPING (P_NO,USER_NO,ORDER_NO,CART_AMOUNT,SHOPPING_STATUS) values (1,2,6,1,'C   ');
Insert into SHOPPING (P_NO,USER_NO,ORDER_NO,CART_AMOUNT,SHOPPING_STATUS) values (1,2,5,1,'C   ');
Insert into SHOPPING (P_NO,USER_NO,ORDER_NO,CART_AMOUNT,SHOPPING_STATUS) values (1,2,10,1,'C   ');
Insert into SHOPPING (P_NO,USER_NO,ORDER_NO,CART_AMOUNT,SHOPPING_STATUS) values (1,2,9,1,'C   ');
Insert into SHOPPING (P_NO,USER_NO,ORDER_NO,CART_AMOUNT,SHOPPING_STATUS) values (1,2,8,1,'R   ');
Insert into SHOPPING (P_NO,USER_NO,ORDER_NO,CART_AMOUNT,SHOPPING_STATUS) values (1,2,13,1,'C   ');
Insert into SHOPPING (P_NO,USER_NO,ORDER_NO,CART_AMOUNT,SHOPPING_STATUS) values (1,2,12,1,'C   ');
Insert into SHOPPING (P_NO,USER_NO,ORDER_NO,CART_AMOUNT,SHOPPING_STATUS) values (1,2,11,1,'R   ');
Insert into SHOPPING (P_NO,USER_NO,ORDER_NO,CART_AMOUNT,SHOPPING_STATUS) values (1,2,16,1,'R   ');
Insert into SHOPPING (P_NO,USER_NO,ORDER_NO,CART_AMOUNT,SHOPPING_STATUS) values (1,2,15,1,'C   ');
Insert into SHOPPING (P_NO,USER_NO,ORDER_NO,CART_AMOUNT,SHOPPING_STATUS) values (1,2,14,1,'C   ');
REM INSERTING into "USER"
SET DEFINE OFF;
Insert into "USER" (USER_NO,USER_ID,USER_PWD,USER_NAME,EMAIL,PHONE,ADDRESS,ADDRESS_DETAIL,ADDRESS_CODE,QUIT,MANAGER,REPORT_AMOUNT) values (1,'admin','1234','ADMIN','admin@kh.co.kr','01011112222','경기도 시흥시','거모동',429800,'N','Y',null);
Insert into "USER" (USER_NO,USER_ID,USER_PWD,USER_NAME,EMAIL,PHONE,ADDRESS,ADDRESS_DETAIL,ADDRESS_CODE,QUIT,MANAGER,REPORT_AMOUNT) values (2,'user01','1234','우랴으갹','asd@kh.or.kr','01043218765','경기도 안양시','석수동',1111,'N','N',6);
Insert into "USER" (USER_NO,USER_ID,USER_PWD,USER_NAME,EMAIL,PHONE,ADDRESS,ADDRESS_DETAIL,ADDRESS_CODE,QUIT,MANAGER,REPORT_AMOUNT) values (3,'user02','1234','정희윤','asd@kh.or.kr','01012345678','인천광역시','서구',655988,'N','N',null);
Insert into "USER" (USER_NO,USER_ID,USER_PWD,USER_NAME,EMAIL,PHONE,ADDRESS,ADDRESS_DETAIL,ADDRESS_CODE,QUIT,MANAGER,REPORT_AMOUNT) values (4,'user03','1234','허현민','asd@kh.or.kr','01011112222','경기도 파주시','금촌',777888,'N','N',11);
Insert into "USER" (USER_NO,USER_ID,USER_PWD,USER_NAME,EMAIL,PHONE,ADDRESS,ADDRESS_DETAIL,ADDRESS_CODE,QUIT,MANAGER,REPORT_AMOUNT) values (5,'user04','1234','양보라','asd@kh.or.kr','01022223333','서울광역시','강남구',123123,'N','N',null);
Insert into "USER" (USER_NO,USER_ID,USER_PWD,USER_NAME,EMAIL,PHONE,ADDRESS,ADDRESS_DETAIL,ADDRESS_CODE,QUIT,MANAGER,REPORT_AMOUNT) values (9,'test','1234','테스트','test@naver.com','01000000000',null,null,null,'N','N',null);
REM INSERTING into WISH
SET DEFINE OFF;
--------------------------------------------------------
--  DDL for Index PK_P_INQUIRY
--------------------------------------------------------

  CREATE UNIQUE INDEX "PK_P_INQUIRY" ON "P_INQUIRY" ("PI_NO")
--------------------------------------------------------
--  DDL for Index PK_REVIEW
--------------------------------------------------------

  CREATE UNIQUE INDEX "PK_REVIEW" ON "REVIEW" ("REVIEW_NO")
--------------------------------------------------------
--  DDL for Index PK_BOARD_COMMENT
--------------------------------------------------------

  CREATE UNIQUE INDEX "PK_BOARD_COMMENT" ON "BOARD_COMMENT" ("COMMENT_NO")
--------------------------------------------------------
--  DDL for Index PK_WISH
--------------------------------------------------------

  CREATE UNIQUE INDEX "PK_WISH" ON "WISH" ("P_NO", "USER_NO")
--------------------------------------------------------
--  DDL for Index PK_SCRAP_BOARD
--------------------------------------------------------

  CREATE UNIQUE INDEX "PK_SCRAP_BOARD" ON "SCRAP_BOARD" ("BOARD_NO", "USER_NO")
--------------------------------------------------------
--  DDL for Index PK_INQUIRY
--------------------------------------------------------

  CREATE UNIQUE INDEX "PK_INQUIRY" ON "INQUIRY" ("INQUIRY_NO")
--------------------------------------------------------
--  DDL for Index PK_USER
--------------------------------------------------------

  CREATE UNIQUE INDEX "PK_USER" ON "USER" ("USER_NO")
--------------------------------------------------------
--  DDL for Index PK_REPORT
--------------------------------------------------------

  CREATE UNIQUE INDEX "PK_REPORT" ON "REPORT" ("REPORT_NO")
--------------------------------------------------------
--  DDL for Index PK_BOARD
--------------------------------------------------------

  CREATE UNIQUE INDEX "PK_BOARD" ON "BOARD" ("BOARD_NO")
--------------------------------------------------------
--  DDL for Index PK_ORDER
--------------------------------------------------------

  CREATE UNIQUE INDEX "PK_ORDER" ON "ORDER" ("ORDER_NO")
--------------------------------------------------------
--  DDL for Index PK_PRODUCT
--------------------------------------------------------

  CREATE UNIQUE INDEX "PK_PRODUCT" ON "PRODUCT" ("P_NO")
--------------------------------------------------------
--  DDL for Index PK_NOTICE
--------------------------------------------------------

  CREATE UNIQUE INDEX "PK_NOTICE" ON "NOTICE" ("NOTICE_NO")
--------------------------------------------------------
--  DDL for Index PK_FAQ
--------------------------------------------------------

  CREATE UNIQUE INDEX "PK_FAQ" ON "FAQ" ("FAQ_NO")
--------------------------------------------------------
--  DDL for Index PK_BOARD_RECOM
--------------------------------------------------------

  CREATE UNIQUE INDEX "PK_BOARD_RECOM" ON "BOARD_RECOM" ("BOARD_NO", "USER_NO")
--------------------------------------------------------
--  DDL for Index PK_REPORT_CLASS
--------------------------------------------------------

  CREATE UNIQUE INDEX "PK_REPORT_CLASS" ON "REPORT_CLASS" ("REPORT_CLASS_NO")
--------------------------------------------------------
--  Constraints for Table BOARD
--------------------------------------------------------

  ALTER TABLE "BOARD" MODIFY ("USER_NO" NOT NULL ENABLE)
  ALTER TABLE "BOARD" MODIFY ("BOARD_TITLE" NOT NULL ENABLE)
  ALTER TABLE "BOARD" MODIFY ("BOARD_CONTENT" NOT NULL ENABLE)
  ALTER TABLE "BOARD" MODIFY ("BOARD_DATE" NOT NULL ENABLE)
  ALTER TABLE "BOARD" MODIFY ("BOARD_CATEGORY" NOT NULL ENABLE)
  ALTER TABLE "BOARD" ADD CONSTRAINT "PK_BOARD" PRIMARY KEY ("BOARD_NO") ENABLE
  ALTER TABLE "BOARD" MODIFY ("BOARD_NO" NOT NULL ENABLE)
--------------------------------------------------------
--  Constraints for Table IMG_URL
--------------------------------------------------------

  ALTER TABLE "IMG_URL" MODIFY ("P_NO" NOT NULL ENABLE)
--------------------------------------------------------
--  Constraints for Table SHOPPING
--------------------------------------------------------

  ALTER TABLE "SHOPPING" ADD UNIQUE ("ORDER_NO") ENABLE
  ALTER TABLE "SHOPPING" MODIFY ("P_NO" NOT NULL ENABLE)
  ALTER TABLE "SHOPPING" MODIFY ("USER_NO" NOT NULL ENABLE)
--------------------------------------------------------
--  Constraints for Table P_INQUIRY
--------------------------------------------------------

  ALTER TABLE "P_INQUIRY" MODIFY ("PI_NO" NOT NULL ENABLE)
  ALTER TABLE "P_INQUIRY" MODIFY ("SECRET" NOT NULL ENABLE)
  ALTER TABLE "P_INQUIRY" MODIFY ("PI_TITLE" NOT NULL ENABLE)
  ALTER TABLE "P_INQUIRY" MODIFY ("PI_CONTENT" NOT NULL ENABLE)
  ALTER TABLE "P_INQUIRY" MODIFY ("PI_ENROLL" NOT NULL ENABLE)
  ALTER TABLE "P_INQUIRY" MODIFY ("P_NO" NOT NULL ENABLE)
  ALTER TABLE "P_INQUIRY" MODIFY ("User_No" NOT NULL ENABLE)
  ALTER TABLE "P_INQUIRY" MODIFY ("COUNT" NOT NULL ENABLE)
  ALTER TABLE "P_INQUIRY" MODIFY ("REPLY_STATUS" NOT NULL ENABLE)
  ALTER TABLE "P_INQUIRY" MODIFY ("STATUS" NOT NULL ENABLE)
  ALTER TABLE "P_INQUIRY" ADD CONSTRAINT "PK_P_INQUIRY" PRIMARY KEY ("PI_NO") ENABLE
--------------------------------------------------------
--  Constraints for Table REVIEW
--------------------------------------------------------

  ALTER TABLE "REVIEW" MODIFY ("REVIEW_NO" NOT NULL ENABLE)
  ALTER TABLE "REVIEW" MODIFY ("REVIEW_TITLE" NOT NULL ENABLE)
  ALTER TABLE "REVIEW" MODIFY ("REVIEW_CONTENT" NOT NULL ENABLE)
  ALTER TABLE "REVIEW" MODIFY ("REVIEW_DATE" NOT NULL ENABLE)
  ALTER TABLE "REVIEW" MODIFY ("STATUS" NOT NULL ENABLE)
  ALTER TABLE "REVIEW" MODIFY ("REIVEW_RATING" NOT NULL ENABLE)
  ALTER TABLE "REVIEW" MODIFY ("P_NO" NOT NULL ENABLE)
  ALTER TABLE "REVIEW" MODIFY ("USER_NO" NOT NULL ENABLE)
  ALTER TABLE "REVIEW" ADD CONSTRAINT "PK_REVIEW" PRIMARY KEY ("REVIEW_NO") ENABLE
--------------------------------------------------------
--  Constraints for Table SCRAP_BOARD
--------------------------------------------------------

  ALTER TABLE "SCRAP_BOARD" MODIFY ("BOARD_NO" NOT NULL ENABLE)
  ALTER TABLE "SCRAP_BOARD" MODIFY ("USER_NO" NOT NULL ENABLE)
  ALTER TABLE "SCRAP_BOARD" ADD CONSTRAINT "PK_SCRAP_BOARD" PRIMARY KEY ("BOARD_NO", "USER_NO") ENABLE
--------------------------------------------------------
--  Constraints for Table BOARD_COMMENT
--------------------------------------------------------

  ALTER TABLE "BOARD_COMMENT" ADD CONSTRAINT "PK_BOARD_COMMENT" PRIMARY KEY ("COMMENT_NO") ENABLE
  ALTER TABLE "BOARD_COMMENT" MODIFY ("COMMENT_NO" NOT NULL ENABLE)
  ALTER TABLE "BOARD_COMMENT" MODIFY ("BOARD_NO" NOT NULL ENABLE)
  ALTER TABLE "BOARD_COMMENT" MODIFY ("USER_NO" NOT NULL ENABLE)
  ALTER TABLE "BOARD_COMMENT" MODIFY ("COMMENT_CONTENT" NOT NULL ENABLE)
  ALTER TABLE "BOARD_COMMENT" MODIFY ("COMMENT_DATE" NOT NULL ENABLE)
--------------------------------------------------------
--  Constraints for Table REPORT
--------------------------------------------------------

  ALTER TABLE "REPORT" MODIFY ("REPORT_NO" NOT NULL ENABLE)
  ALTER TABLE "REPORT" MODIFY ("USER_NO" NOT NULL ENABLE)
  ALTER TABLE "REPORT" MODIFY ("REPORT_CLASS_NO" NOT NULL ENABLE)
  ALTER TABLE "REPORT" ADD CONSTRAINT "PK_REPORT" PRIMARY KEY ("REPORT_NO") ENABLE
--------------------------------------------------------
--  Constraints for Table PRODUCT
--------------------------------------------------------

  ALTER TABLE "PRODUCT" MODIFY ("P_NO" NOT NULL ENABLE)
  ALTER TABLE "PRODUCT" MODIFY ("P_NAME" NOT NULL ENABLE)
  ALTER TABLE "PRODUCT" MODIFY ("PRICE" NOT NULL ENABLE)
  ALTER TABLE "PRODUCT" MODIFY ("DESCRIPTION" NOT NULL ENABLE)
  ALTER TABLE "PRODUCT" MODIFY ("P_STOCK" NOT NULL ENABLE)
  ALTER TABLE "PRODUCT" MODIFY ("P_CATEGORY" NOT NULL ENABLE)
  ALTER TABLE "PRODUCT" MODIFY ("P_THUMB_URL" NOT NULL ENABLE)
  ALTER TABLE "PRODUCT" MODIFY ("P_SALES" NOT NULL ENABLE)
  ALTER TABLE "PRODUCT" MODIFY ("P_TOTAL" NOT NULL ENABLE)
  ALTER TABLE "PRODUCT" MODIFY ("AD_STATUS" NOT NULL ENABLE)
  ALTER TABLE "PRODUCT" ADD CONSTRAINT "PK_PRODUCT" PRIMARY KEY ("P_NO") ENABLE
--------------------------------------------------------
--  Constraints for Table NOTICE
--------------------------------------------------------

  ALTER TABLE "NOTICE" ADD CONSTRAINT "PK_NOTICE" PRIMARY KEY ("NOTICE_NO") ENABLE
  ALTER TABLE "NOTICE" MODIFY ("NOTICE_NO" NOT NULL ENABLE)
  ALTER TABLE "NOTICE" MODIFY ("NOTICE_TITLE" NOT NULL ENABLE)
  ALTER TABLE "NOTICE" MODIFY ("NOTICE_CONTENT" NOT NULL ENABLE)
  ALTER TABLE "NOTICE" MODIFY ("NOTICE_DATE" NOT NULL ENABLE)
  ALTER TABLE "NOTICE" MODIFY ("NOTICE_READ" NOT NULL ENABLE)
--------------------------------------------------------
--  Constraints for Table WISH
--------------------------------------------------------

  ALTER TABLE "WISH" MODIFY ("P_NO" NOT NULL ENABLE)
  ALTER TABLE "WISH" MODIFY ("USER_NO" NOT NULL ENABLE)
  ALTER TABLE "WISH" ADD CONSTRAINT "PK_WISH" PRIMARY KEY ("P_NO", "USER_NO") ENABLE
--------------------------------------------------------
--  Constraints for Table BOARD_RECOM
--------------------------------------------------------

  ALTER TABLE "BOARD_RECOM" MODIFY ("BOARD_NO" NOT NULL ENABLE)
  ALTER TABLE "BOARD_RECOM" MODIFY ("USER_NO" NOT NULL ENABLE)
  ALTER TABLE "BOARD_RECOM" ADD CONSTRAINT "PK_BOARD_RECOM" PRIMARY KEY ("BOARD_NO", "USER_NO") ENABLE
--------------------------------------------------------
--  Constraints for Table USER
--------------------------------------------------------

  ALTER TABLE "USER" ADD UNIQUE ("USER_ID") ENABLE
  ALTER TABLE "USER" ADD CONSTRAINT "PK_USER" PRIMARY KEY ("USER_NO") ENABLE
  ALTER TABLE "USER" MODIFY ("USER_NO" NOT NULL ENABLE)
  ALTER TABLE "USER" MODIFY ("USER_ID" NOT NULL ENABLE)
  ALTER TABLE "USER" MODIFY ("USER_PWD" NOT NULL ENABLE)
  ALTER TABLE "USER" MODIFY ("USER_NAME" NOT NULL ENABLE)
  ALTER TABLE "USER" MODIFY ("PHONE" NOT NULL ENABLE)
  ALTER TABLE "USER" MODIFY ("QUIT" NOT NULL ENABLE)
  ALTER TABLE "USER" MODIFY ("MANAGER" NOT NULL ENABLE)
--------------------------------------------------------
--  Constraints for Table FAQ
--------------------------------------------------------

  ALTER TABLE "FAQ" ADD CONSTRAINT "PK_FAQ" PRIMARY KEY ("FAQ_NO") ENABLE
  ALTER TABLE "FAQ" MODIFY ("FAQ_NO" NOT NULL ENABLE)
  ALTER TABLE "FAQ" MODIFY ("FAQ_CONTENT" NOT NULL ENABLE)
  ALTER TABLE "FAQ" MODIFY ("FAQ_ANSWER" NOT NULL ENABLE)
--------------------------------------------------------
--  Constraints for Table REPORT_CLASS
--------------------------------------------------------

  ALTER TABLE "REPORT_CLASS" MODIFY ("REPORT_CLASS_NO" NOT NULL ENABLE)
  ALTER TABLE "REPORT_CLASS" MODIFY ("REPORT_CLASS_NAME" NOT NULL ENABLE)
  ALTER TABLE "REPORT_CLASS" ADD CONSTRAINT "PK_REPORT_CLASS" PRIMARY KEY ("REPORT_CLASS_NO") ENABLE
--------------------------------------------------------
--  Constraints for Table ORDER
--------------------------------------------------------

  ALTER TABLE "ORDER" MODIFY ("ORDER_NO" NOT NULL ENABLE)
  ALTER TABLE "ORDER" MODIFY ("USER_NO" NOT NULL ENABLE)
  ALTER TABLE "ORDER" MODIFY ("RICEVER_NAME" NOT NULL ENABLE)
  ALTER TABLE "ORDER" MODIFY ("RICVER_CODE" NOT NULL ENABLE)
  ALTER TABLE "ORDER" MODIFY ("RICEVER_ADD" NOT NULL ENABLE)
  ALTER TABLE "ORDER" MODIFY ("RICEVER_DETAIL_ADD" NOT NULL ENABLE)
  ALTER TABLE "ORDER" MODIFY ("RICVER_PHONE" NOT NULL ENABLE)
  ALTER TABLE "ORDER" MODIFY ("ORDER_DATE" NOT NULL ENABLE)
  ALTER TABLE "ORDER" MODIFY ("ORDER_STATUS" NOT NULL ENABLE)
  ALTER TABLE "ORDER" MODIFY ("OREDER_COST" NOT NULL ENABLE)
  ALTER TABLE "ORDER" MODIFY ("PAY_COST" NOT NULL ENABLE)
  ALTER TABLE "ORDER" MODIFY ("PAY_DATE" NOT NULL ENABLE)
  ALTER TABLE "ORDER" ADD CONSTRAINT "PK_ORDER" PRIMARY KEY ("ORDER_NO") ENABLE
--------------------------------------------------------
--  Constraints for Table INQUIRY
--------------------------------------------------------

  ALTER TABLE "INQUIRY" ADD CONSTRAINT "PK_INQUIRY" PRIMARY KEY ("INQUIRY_NO") ENABLE
  ALTER TABLE "INQUIRY" MODIFY ("INQUIRY_NO" NOT NULL ENABLE)
  ALTER TABLE "INQUIRY" MODIFY ("USER_NO" NOT NULL ENABLE)
  ALTER TABLE "INQUIRY" MODIFY ("INQUIRY_TITLE" NOT NULL ENABLE)
  ALTER TABLE "INQUIRY" MODIFY ("INQUIRY_CONTENT" NOT NULL ENABLE)
  ALTER TABLE "INQUIRY" MODIFY ("INQUIRY_DATE" NOT NULL ENABLE)
  ALTER TABLE "INQUIRY" MODIFY ("INQUIRY_STATUS" NOT NULL ENABLE)
  ALTER TABLE "INQUIRY" MODIFY ("INQUIRY_TYPE" NOT NULL ENABLE)
--------------------------------------------------------
--  Ref Constraints for Table BOARD
--------------------------------------------------------

  ALTER TABLE "BOARD" ADD CONSTRAINT "FK_USER_TO_BOARD_1" FOREIGN KEY ("USER_NO")
	  REFERENCES "USER" ("USER_NO") ENABLE
--------------------------------------------------------
--  Ref Constraints for Table BOARD_COMMENT
--------------------------------------------------------

  ALTER TABLE "BOARD_COMMENT" ADD CONSTRAINT "FK_BOARD_TO_BOARD_COMMENT_1" FOREIGN KEY ("BOARD_NO")
	  REFERENCES "BOARD" ("BOARD_NO") ENABLE
  ALTER TABLE "BOARD_COMMENT" ADD CONSTRAINT "FK_USER_TO_BOARD_COMMENT_1" FOREIGN KEY ("USER_NO")
	  REFERENCES "USER" ("USER_NO") ENABLE
--------------------------------------------------------
--  Ref Constraints for Table BOARD_RECOM
--------------------------------------------------------

  ALTER TABLE "BOARD_RECOM" ADD CONSTRAINT "FK_BOARD_TO_BOARD_RECOM_1" FOREIGN KEY ("BOARD_NO")
	  REFERENCES "BOARD" ("BOARD_NO") ENABLE
  ALTER TABLE "BOARD_RECOM" ADD CONSTRAINT "FK_USER_TO_BOARD_RECOM_1" FOREIGN KEY ("USER_NO")
	  REFERENCES "USER" ("USER_NO") ENABLE
--------------------------------------------------------
--  Ref Constraints for Table IMG_URL
--------------------------------------------------------

  ALTER TABLE "IMG_URL" ADD CONSTRAINT "FK_PRODUCT_TO_IMG_URL_1" FOREIGN KEY ("P_NO")
	  REFERENCES "PRODUCT" ("P_NO") ENABLE
--------------------------------------------------------
--  Ref Constraints for Table INQUIRY
--------------------------------------------------------

  ALTER TABLE "INQUIRY" ADD CONSTRAINT "FK_USER_TO_INQUIRY_1" FOREIGN KEY ("USER_NO")
	  REFERENCES "USER" ("USER_NO") ENABLE
--------------------------------------------------------
--  Ref Constraints for Table ORDER
--------------------------------------------------------

  ALTER TABLE "ORDER" ADD CONSTRAINT "FK_USER_TO_ORDER_1" FOREIGN KEY ("USER_NO")
	  REFERENCES "USER" ("USER_NO") ENABLE
--------------------------------------------------------
--  Ref Constraints for Table P_INQUIRY
--------------------------------------------------------

  ALTER TABLE "P_INQUIRY" ADD CONSTRAINT "FK_PRODUCT_TO_P_INQUIRY_1" FOREIGN KEY ("P_NO")
	  REFERENCES "PRODUCT" ("P_NO") ENABLE
  ALTER TABLE "P_INQUIRY" ADD CONSTRAINT "FK_USER_TO_P_INQUIRY_1" FOREIGN KEY ("User_No")
	  REFERENCES "USER" ("USER_NO") ENABLE
--------------------------------------------------------
--  Ref Constraints for Table REPORT
--------------------------------------------------------

  ALTER TABLE "REPORT" ADD CONSTRAINT "FK_REPORT_CLASS_TO_REPORT_1" FOREIGN KEY ("REPORT_CLASS_NO")
	  REFERENCES "REPORT_CLASS" ("REPORT_CLASS_NO") ENABLE
  ALTER TABLE "REPORT" ADD CONSTRAINT "FK_USER_TO_REPORT_1" FOREIGN KEY ("USER_NO")
	  REFERENCES "USER" ("USER_NO") ENABLE
--------------------------------------------------------
--  Ref Constraints for Table REVIEW
--------------------------------------------------------

  ALTER TABLE "REVIEW" ADD CONSTRAINT "FK_PRODUCT_TO_REVIEW_1" FOREIGN KEY ("P_NO")
	  REFERENCES "PRODUCT" ("P_NO") ENABLE
  ALTER TABLE "REVIEW" ADD CONSTRAINT "FK_USER_TO_REVIEW_1" FOREIGN KEY ("USER_NO")
	  REFERENCES "USER" ("USER_NO") ENABLE
--------------------------------------------------------
--  Ref Constraints for Table SCRAP_BOARD
--------------------------------------------------------

  ALTER TABLE "SCRAP_BOARD" ADD CONSTRAINT "FK_BOARD_TO_SCRAP_BOARD_1" FOREIGN KEY ("BOARD_NO")
	  REFERENCES "BOARD" ("BOARD_NO") ENABLE
  ALTER TABLE "SCRAP_BOARD" ADD CONSTRAINT "FK_USER_TO_SCRAP_BOARD_1" FOREIGN KEY ("USER_NO")
	  REFERENCES "USER" ("USER_NO") ENABLE
--------------------------------------------------------
--  Ref Constraints for Table SHOPPING
--------------------------------------------------------

  ALTER TABLE "SHOPPING" ADD CONSTRAINT "FK_ORDER_TO_SHOPPING_1" FOREIGN KEY ("ORDER_NO")
	  REFERENCES "ORDER" ("ORDER_NO") ENABLE
  ALTER TABLE "SHOPPING" ADD CONSTRAINT "FK_PRODUCT_TO_SHOPPING_1" FOREIGN KEY ("P_NO")
	  REFERENCES "PRODUCT" ("P_NO") ENABLE
  ALTER TABLE "SHOPPING" ADD CONSTRAINT "FK_USER_TO_SHOPPING_1" FOREIGN KEY ("USER_NO")
	  REFERENCES "USER" ("USER_NO") ENABLE
--------------------------------------------------------
--  Ref Constraints for Table WISH
--------------------------------------------------------

  ALTER TABLE "WISH" ADD CONSTRAINT "FK_PRODUCT_TO_WISH_1" FOREIGN KEY ("P_NO")
	  REFERENCES "PRODUCT" ("P_NO") ENABLE
  ALTER TABLE "WISH" ADD CONSTRAINT "FK_USER_TO_WISH_1" FOREIGN KEY ("USER_NO")
	  REFERENCES "USER" ("USER_NO") ENABLE
